participant,dataset,flip_xy,xy_scale,z_scale
R_0638fJAPpmzLtu1,nuclei1,0,1,1
R_0638fJAPpmzLtu1,nuclei4,0,1,1
R_0638fJAPpmzLtu1,fish1,0,1,1
R_1qdHCwPCdNvs9xi,nuclei1,0,1,1.616
R_1qdHCwPCdNvs9xi,nuclei2,0,1,1.616
R_1qdHCwPCdNvs9xi,nuclei3,0,1,1.616
R_1qdHCwPCdNvs9xi,nuclei4,0,1,1.616
R_1qdHCwPCdNvs9xi,fish1,0,1,1.5
R_1qdHCwPCdNvs9xi,fish2,0,1,1.5
R_1qdHCwPCdNvs9xi,fish3,0,1,1.5
R_1qdHCwPCdNvs9xi,fish4,0,1,1.5
R_tY87q7yGKRqww5X,nuclei1,0,1,1.6
R_tY87q7yGKRqww5X,fish1,0,1,1.23
R_tY87q7yGKRqww5X,fish2,0,1,1.23
R_tY87q7yGKRqww5X,fish3,0,1,1.23
R_tY87q7yGKRqww5X,fish4,0,1,1.23
R_tY87q7yGKRqww5X,nuclei4,0,1,1.6
R_tY87q7yGKRqww5X,nuclei3,0,1,1.6
R_tY87q7yGKRqww5X,nuclei2,0,1,1.6
R_cHLBH1bftzVtPDH,nuclei4,0,1,1.6
R_cHLBH1bftzVtPDH,fish1,0,1,1
R_cHLBH1bftzVtPDH,fish2,0,1,1
R_cHLBH1bftzVtPDH,fish3,0,1,1
R_cHLBH1bftzVtPDH,fish4,0,1,1
R_cHLBH1bftzVtPDH,nuclei2,0,1,1.61
R_cHLBH1bftzVtPDH,nuclei1,0,1,1.61
R_cHLBH1bftzVtPDH,nuclei3,0,1,1.61
R_24Nwgngl83ucQ8B,fish4,0,1,1
R_24Nwgngl83ucQ8B,fish1,0,1,1
R_24Nwgngl83ucQ8B,nuclei4,0,1,1.6
R_24Nwgngl83ucQ8B,fish2,0,1,1
R_24Nwgngl83ucQ8B,nuclei1,0,1,1
R_24Nwgngl83ucQ8B,nuclei2,0,1,1
R_1lxxm7Riv8MvNVz,fish1,0,1,1
R_2DNRFrAvCDUX1EL,fish1,0,1,1
R_2cCJjlMU7i9XjMQ,fish1,0,1,1
R_eRvCx60GZHVIflf,fish1,0,1,1
R_1F9A4K8LNlJoksJ,fish1,0,1,1
R_1pKaIHOwOnQX5Ms,fish1,0,1,1
R_3kpixa7Fm6wlFk2,nuclei1,0,1,1
R_3lAJ9xY4kGlL99f,nuclei1,0,1,1
R_3kaX79RV1ul5JuI,nuclei1,0,1,1
R_3Rxaf07hES8CPgE,nuclei1,0,1,1
R_2ydugxPVoGtDEo4,nuclei1,0,1,1